City_ID,City,Lat,Lon,Max Temp,Humidity,Cloudiness,Wind Speed,Country,Date
0,waitangi,-43.9535,-176.5597,11.01,96,100,2.24,NZ,1690040537
1,whitehorse,60.7161,-135.0538,14.43,84,75,1.03,CA,1690041049
2,carahue,-38.7,-73.1667,11.55,76,24,2.45,CL,1690041049
3,albany,42.6001,-73.9662,24.8,62,1,0.45,US,1690040538
4,talnakh,69.4865,88.3972,19.56,84,100,2.15,RU,1690041050
5,la oliva,28.6105,-13.9291,25.66,65,20,9.77,ES,1690041050
6,edinburgh of the seven seas,-37.0676,-12.3116,12.91,74,12,9.4,SH,1690041050
7,port blair,11.6667,92.75,27.02,94,100,2.06,IN,1690041050
8,carutapera,-1.195,-46.02,30.69,54,31,3.96,BR,1690041050
9,aitape,-3.1374,142.3475,25.45,88,55,1.04,PG,1690041050
10,margaret river,-33.95,115.0667,11.92,80,0,2.69,AU,1690040543
11,iskateley,67.6803,53.1512,15.0,91,93,6.03,RU,1690040602
12,ulan-ude,51.8261,107.6098,17.94,72,20,1.0,RU,1690041051
13,walvis bay,-22.9575,14.5053,12.83,63,1,5.86,NA,1690040624
14,thompson,55.7435,-97.8558,15.09,63,40,4.12,CA,1690040603
15,utrik,11.2278,169.8474,28.0,74,86,7.8,MH,1690040556
16,constantia,44.1833,28.65,34.38,46,1,4.66,RO,1690040389
17,yakutsk,62.0339,129.7331,13.98,71,0,2.0,RU,1690041051
18,bredasdorp,-34.5322,20.0403,11.68,61,3,2.92,ZA,1690041051
19,cirebon,-6.7063,108.557,24.31,77,99,3.67,ID,1690041052
20,lethem,3.3803,-59.7968,30.96,59,27,2.44,GY,1690041052
21,brookings,44.3114,-96.7984,25.19,79,62,4.24,US,1690040784
22,saldanha,-33.0117,17.9442,17.03,74,0,3.17,ZA,1690041052
23,saint-philippe,-21.3585,55.7679,21.77,83,65,6.86,RE,1690041052
24,barakani,-12.1356,44.4317,24.61,71,65,5.48,KM,1690041052
25,porbandar,21.6422,69.6093,27.75,86,100,5.25,IN,1690041052
26,puerto ayora,-0.7393,-90.3518,28.98,77,43,5.45,EC,1690041052
27,la'ie,21.6477,-157.9253,25.0,83,68,6.22,US,1690041053
28,pahrump,36.2083,-115.9839,35.7,16,2,0.89,US,1690040792
29,georgetown,5.4112,100.3354,28.97,88,20,0.51,MY,1690041053
30,burutu,5.3509,5.5076,24.33,92,100,3.74,NG,1690041053
31,menongue,-14.6585,17.691,27.59,18,98,1.72,AO,1690041053
32,st. john's,47.5649,-52.7093,27.66,69,20,6.17,CA,1690040877
33,port lincoln,-34.7333,135.8667,11.33,67,23,6.61,AU,1690041053
34,afaahiti,-17.75,-149.2833,21.7,69,87,4.73,PF,1690041054
35,hamilton,39.1834,-84.5333,27.71,59,0,3.6,US,1690040983
36,hermanus,-34.4187,19.2345,14.33,68,8,5.92,ZA,1690041054
37,damghan,36.1683,54.348,31.76,33,61,2.7,IR,1690041054
38,puerto natales,-51.7236,-72.4875,-0.57,78,31,1.82,CL,1690040899
39,fale old settlement,-9.3852,-171.2468,28.21,75,6,3.1,TK,1690041054
40,miles city,46.4083,-105.8406,26.54,38,0,3.6,US,1690041054
41,nova sintra,14.8667,-24.7167,23.06,78,20,8.82,CV,1690041055
42,paita,-5.0892,-81.1144,23.86,69,2,4.42,PE,1690041055
43,qaryat suluq,31.6682,20.2521,35.37,24,0,9.84,LY,1690041055
44,ta`u,-14.2336,-169.5144,27.14,80,65,3.79,AS,1690041055
45,west island,-12.1568,96.8225,24.99,83,100,7.2,CC,1690041055
46,mount gambier,-37.8333,140.7667,9.81,68,99,3.85,AU,1690041055
47,papatowai,-46.5619,169.4708,8.18,97,84,4.34,NZ,1690041055
48,yellowknife,62.456,-114.3525,18.29,68,75,4.63,CA,1690041055
49,port-aux-francais,-49.35,70.2167,2.97,81,96,15.18,TF,1690041056
50,geraldton,-28.7667,114.6,6.23,87,0,3.09,AU,1690041056
51,mugia,43.1041,-9.2179,24.95,67,95,6.15,ES,1690041056
52,ancud,-41.8697,-73.8203,5.75,84,100,2.09,CL,1690041056
53,happy valley-goose bay,53.3168,-60.3315,23.17,60,100,6.17,CA,1690040868
54,sao joao da barra,-21.6403,-41.0511,22.05,68,7,3.4,BR,1690041056
55,ushuaia,-54.8,-68.3,-0.19,80,75,4.12,AR,1690040956
56,tiksi,71.6872,128.8694,7.72,89,61,3.48,RU,1690041057
57,hawaiian paradise park,19.5933,-154.9731,23.35,97,100,3.09,US,1690041057
58,smithers,54.7804,-127.1743,13.18,94,75,2.57,CA,1690040937
59,blackwell,36.8045,-97.2828,28.3,67,0,2.06,US,1690041057
60,nadym,65.5333,72.5167,21.44,68,44,2.47,RU,1690041057
61,badger,64.8,-147.5333,22.12,71,0,1.54,US,1690041058
62,tazacorte,28.629,-17.9293,25.64,74,20,9.77,ES,1690041058
63,egilsstadir,65.2653,-14.3948,12.95,71,75,4.12,IS,1690041058
64,colonia,50.9333,6.95,26.65,31,0,5.14,DE,1690041058
65,tura,25.5198,90.2201,25.11,93,91,1.78,IN,1690041058
66,kavieng,-2.5744,150.7967,27.67,78,99,1.61,PG,1690041059
67,adamstown,-25.066,-130.1015,20.87,61,97,6.7,PN,1690040538
68,al jaradiyah,16.5795,42.9124,36.72,41,55,7.24,SA,1690041059
69,mata-utu,-13.2816,-176.1745,28.11,77,91,2.47,WF,1690041059
70,aasiaat,68.7098,-52.8699,3.65,98,100,2.24,GL,1690041059
71,saipan,15.1355,145.701,27.39,100,40,3.13,MP,1690041060
72,zaozersk,69.4005,32.4476,9.53,83,99,7.89,RU,1690041060
73,stanley,54.868,-1.6985,15.99,100,75,3.6,GB,1690041060
74,udachny,66.4167,112.4,21.92,52,46,5.09,RU,1690041060
75,afif,23.9065,42.9172,36.37,5,77,4.2,SA,1690041060
76,kandahar,31.0,65.75,33.12,11,100,3.88,AF,1690041060
77,enewetak,11.3474,162.3373,28.29,78,63,6.26,MH,1690041060
78,grytviken,-54.2811,-36.5092,-3.75,95,100,1.65,GS,1690041061
79,uliastay,47.7417,96.8444,14.68,59,99,2.15,MN,1690041061
80,prado,-17.3411,-39.2208,24.27,74,45,4.57,BR,1690041061
81,martapura,-3.4167,114.85,25.05,94,9,1.03,ID,1690041061
82,bilibino,68.0546,166.4372,12.19,82,88,2.18,RU,1690041061
83,chakari,-18.0629,29.8925,21.49,30,31,0.96,ZW,1690040774
84,port douglas,-16.4833,145.4667,20.67,78,0,1.52,AU,1690041062
85,invercargill,-46.4,168.35,4.97,90,33,2.11,NZ,1690040864
86,bousso,10.4795,16.7117,33.41,47,91,2.07,TD,1690041062
87,praia da vitoria,38.7333,-27.0667,25.14,73,40,2.1,PT,1690041062
88,urengoy,65.9667,78.3667,21.86,61,52,2.72,RU,1690041062
89,bandarbeyla,9.4942,50.8122,23.85,86,46,14.01,SO,1690041063
90,manokwari,-0.8667,134.0833,25.49,84,98,1.78,ID,1690041063
91,bethel,41.3712,-73.414,27.17,60,40,4.63,US,1690041063
92,cabedelo,-6.9811,-34.8339,26.37,72,18,8.07,BR,1690041063
93,ribeira grande,38.5167,-28.7,24.22,78,40,2.06,PT,1690041063
94,hafnarfjordur,64.0671,-21.9377,15.56,76,100,4.12,IS,1690041063
95,ca mau,9.1769,105.15,24.37,94,100,2.04,VN,1690041064
96,phan rang-thap cham,11.5667,108.9833,25.71,88,100,1.97,VN,1690041064
97,wailua homesteads,22.0669,-159.378,25.44,87,100,5.14,US,1690041064
98,severo-yeniseyskiy,60.3725,93.0408,19.08,69,99,1.57,RU,1690041064
99,coquimbo,-29.9533,-71.3436,17.85,55,0,3.6,CL,1690041064
100,punta arenas,-53.15,-70.9167,1.31,70,21,4.57,CL,1690041064
101,baruun-urt,46.6806,113.2792,14.88,74,6,3.75,MN,1690041065
102,luderitz,-26.6481,15.1594,14.55,59,100,4.31,NA,1690041065
103,college,64.8569,-147.8028,22.17,68,20,1.54,US,1690040963
104,hammerfest,70.6634,23.6821,14.25,67,20,8.23,NO,1690041065
105,sao jose da coroa grande,-8.8978,-35.1478,25.27,78,50,6.3,BR,1690041065
106,harur,12.0667,78.5,26.9,63,96,5.95,IN,1690041066
107,midland,31.9974,-102.0779,29.89,62,40,8.23,US,1690040773
108,alice springs,-23.7,133.8833,2.75,75,0,2.57,AU,1690040849
109,susuman,62.7833,148.1667,14.58,96,100,0.53,RU,1690041066
110,ha'il,27.5219,41.6907,40.01,9,0,1.03,SA,1690040938
111,broome,42.2506,-75.833,25.39,60,0,4.63,US,1690041067
112,redencao,-4.2258,-38.7306,32.65,35,6,4.31,BR,1690041067
113,san antonio de pale,-1.4014,5.6325,23.09,77,45,5.63,GQ,1690041067
114,adelaide,-34.9333,138.6,10.18,85,87,2.57,AU,1690040857
115,weno,7.4515,151.8468,26.97,94,100,2.57,FM,1690041067
116,remire-montjoly,4.9167,-52.2667,31.02,62,40,3.09,GF,1690041067
117,baukau,51.5526,7.2042,24.64,47,93,2.24,DE,1690041068
118,avarua,-21.2078,-159.775,22.03,83,75,6.17,CK,1690041068
119,isafjordur,66.0755,-23.124,12.02,62,100,0.0,IS,1690041068
120,kapa'a,22.0752,-159.319,26.18,87,100,5.14,US,1690041068
121,hithadhoo,-0.6,73.0833,28.28,74,65,2.65,MV,1690041068
122,blackmans bay,-43.0167,147.3167,8.07,88,72,1.75,AU,1690040537
123,tazovsky,67.4667,78.7,15.43,95,83,3.47,RU,1690041069
124,kadom,54.5592,42.4675,17.98,76,100,2.68,RU,1690041069
125,fort bragg,35.139,-79.006,28.91,64,100,3.09,US,1690040987
126,dudinka,69.4058,86.1778,19.79,85,87,3.22,RU,1690041069
127,chesapeake beach,38.6862,-76.5347,27.88,62,99,0.45,US,1690041069
128,katsuren-haebaru,26.3369,127.8719,29.21,79,20,2.57,JP,1690041069
129,selfoss,63.9331,-20.9971,15.58,71,98,3.25,IS,1690041069
130,chonchi,-42.6128,-73.8092,6.18,73,99,2.06,CL,1690041070
131,curillo,1.0333,-75.9191,21.66,97,100,0.19,CO,1690041070
132,soustons,43.7533,-1.3278,29.54,86,0,4.37,FR,1690041070
133,viedma,-40.8135,-62.9967,14.76,37,100,6.96,AR,1690041070
134,kailua-kona,19.6406,-155.9956,27.55,84,100,2.24,US,1690041070
135,olonkinbyen,70.9221,-8.7187,6.46,74,100,1.91,SJ,1690041070
136,naze,28.3667,129.4833,27.51,84,99,2.92,JP,1690041071
137,longyearbyen,78.2186,15.6401,8.91,71,40,3.6,SJ,1690041071
138,greymouth,-42.4667,171.2,4.65,90,99,2.29,NZ,1690041071
139,pitimbu,-7.4706,-34.8086,26.33,72,12,7.27,BR,1690041071
140,altay,47.8667,88.1167,21.24,34,2,2.91,CN,1690041071
141,atafu village,-8.5421,-172.5159,28.31,70,2,3.43,TK,1690041072
142,whangarei,-35.7317,174.3239,8.92,91,94,2.48,NZ,1690041072
143,akureyri,65.6835,-18.0878,10.96,82,75,4.63,IS,1690041072
144,makinsk,52.6292,70.4169,18.69,53,59,2.35,KZ,1690041072
145,yaren,-0.5472,166.916,27.96,78,100,5.83,NR,1690041072
146,daru,-9.0763,143.2092,24.91,73,36,4.99,PG,1690041072
147,ilulissat,69.2167,-51.1,10.01,76,75,2.57,GL,1690041068
148,kupang,-10.1667,123.5833,23.64,76,57,4.82,ID,1690041073
149,port said,31.2565,32.2841,31.99,62,0,5.14,EG,1690040786
150,copala,16.65,-98.9833,31.27,59,89,1.66,MX,1690041073
151,shubarkuduk,49.1447,56.4872,28.6,29,53,3.88,KZ,1690041073
152,puerto baquerizo moreno,-0.9,-89.6,26.55,74,20,4.12,EC,1690041073
153,zhengzhou,34.7578,113.6486,27.27,63,0,4.17,CN,1690041074
154,laguna,38.421,-121.4238,33.32,48,0,0.45,US,1690041074
155,kone,-21.0595,164.8658,17.45,76,48,1.89,NC,1690041074
156,vernon,50.2581,-119.2691,25.72,35,9,0.51,CA,1690041074
157,christchurch,-43.5333,172.6333,10.51,94,100,1.54,NZ,1690040930
158,trujillo,-8.116,-79.03,23.98,73,20,3.6,PE,1690040945
159,vadso,70.0744,29.7487,9.49,81,100,8.75,NO,1690041075
160,gebeit,21.0667,36.3167,38.35,10,47,2.4,SD,1690041075
161,hasaki,35.7333,140.8333,23.5,85,0,2.51,JP,1690041075
162,richards bay,-28.783,32.0377,20.02,60,0,4.99,ZA,1690041075
163,kalabo,-14.97,22.6814,27.38,21,9,2.79,ZM,1690041075
164,sandnessjoen,66.0217,12.6316,16.29,88,75,2.57,NO,1690041075
165,kalaleh,37.3807,55.4916,34.78,46,20,5.14,IR,1690041076
166,alofi,-19.0595,-169.9187,22.94,88,32,2.57,NU,1690041076
167,veinticinco de mayo,-35.4323,-60.1727,23.34,62,100,5.51,AR,1690041076
168,miyako,39.6367,141.9525,20.7,97,55,2.63,JP,1690041076
169,la sarre,48.8002,-79.1996,20.39,40,0,1.9,CA,1690041076
170,ikungi,-5.1333,34.7667,21.98,37,18,3.42,TZ,1690041076
171,ormara,25.2088,64.6357,28.29,87,100,3.45,PK,1690041076
172,anatuya,-28.4606,-62.8347,32.05,25,100,8.47,AR,1690041077
173,gaalkacyo,6.7697,47.4308,30.78,42,100,10.41,SO,1690041077
174,syzran',53.1585,48.4681,22.14,43,42,4.86,RU,1690041077
175,arteche,12.2645,125.4048,25.28,93,98,4.85,PH,1690041077
176,dingzhou,38.5131,114.9956,23.06,80,6,1.57,CN,1690041077
177,hilo,19.7297,-155.09,23.47,97,100,3.09,US,1690041077
178,nova vicosa,-17.8919,-39.3719,23.82,74,47,4.62,BR,1690041078
179,auki,-8.7676,160.7034,25.08,90,100,1.77,SB,1690041078
180,jamestown,42.097,-79.2353,23.59,64,75,3.09,US,1690041078
181,belmonte,-15.8631,-38.8828,23.35,86,65,4.6,BR,1690041078
182,lihue,21.9789,-159.3672,25.77,87,100,5.14,US,1690041078
183,cabo san lucas,22.8909,-109.9124,34.23,58,0,0.0,MX,1690040568
184,valdivia,-39.8142,-73.2459,7.05,90,97,1.65,CL,1690041078
185,san luis de la loma,17.2706,-100.8939,30.83,59,99,1.99,MX,1690041079
186,caleta de carquin,-11.0925,-77.6267,21.24,72,31,4.05,PE,1690041079
187,anadyr,64.75,177.4833,13.28,87,40,3.0,RU,1690041079
188,uturoa,-16.7333,-151.4333,24.11,75,100,6.73,PF,1690041079
189,kerema,-7.9631,145.7785,24.58,90,91,3.44,PG,1690041079
190,grand-bassam,5.2118,-3.7388,24.98,75,89,4.71,CI,1690041080
191,karratha,-20.7377,116.8463,18.55,21,1,8.19,AU,1690041080
192,ambon,-3.6954,128.1814,26.04,16,40,2.06,ID,1690041080
193,neiafu,-18.65,-173.9833,18.38,100,20,2.06,TO,1690041080
194,wagar,16.1525,36.2032,37.71,28,71,4.96,SD,1690041081
195,mar del plata,-38.0023,-57.5575,12.19,93,75,4.47,AR,1690041081
196,nar'yan-mar,67.6713,53.087,14.77,91,93,6.14,RU,1690041081
197,yelizovo,53.1873,158.3805,14.08,100,0,3.13,RU,1690041081
198,heroica zitacuaro,19.4,-100.3667,19.08,76,99,1.04,MX,1690041081
199,maputo,-25.9653,32.5892,22.82,53,20,5.36,MZ,1690041063
200,tindouf,27.6711,-8.1474,46.25,5,1,4.12,DZ,1690041082
201,haiku-pauwela,20.9219,-156.3051,24.47,84,0,5.14,US,1690041082
202,al ghayzah,16.2079,52.176,28.66,69,93,0.93,YE,1690041082
203,colchani,-20.3,-66.9333,9.92,21,0,3.33,BO,1690041082
204,kangding,30.0513,101.9603,15.26,92,43,1.07,CN,1690041082
205,tolanaro,-25.0319,46.9987,21.04,83,40,6.17,MG,1690041083
206,malanje,-9.5402,16.341,31.14,17,28,3.48,AO,1690041083
207,kill devil hills,36.0307,-75.676,30.0,73,0,3.09,US,1690040815
208,huanggang,23.677,116.9996,28.94,91,100,0.53,CN,1690041083
209,fonte boa,-2.4959,-66.2662,33.26,37,0,1.73,BR,1690041083
210,rongelap,11.1635,166.8941,28.08,79,97,7.63,MH,1690041083
211,horta,38.5333,-28.6333,23.8,83,40,2.06,PT,1690041084
212,bhimunipatnam,17.8833,83.4333,25.73,86,100,4.54,IN,1690041084
213,sainte-rose,16.3324,-61.6979,31.02,66,75,5.66,GP,1690041084
214,carloforte,39.145,8.3058,28.04,69,74,5.8,IT,1690041084
215,kourou,5.1552,-52.6478,31.03,69,19,4.0,GF,1690041084
216,iqaluit,63.7506,-68.5145,5.85,100,75,3.09,CA,1690041085
217,keflavik,64.0049,-22.5624,13.24,71,75,2.57,IS,1690041085
218,freetown,8.484,-13.2299,27.84,74,75,3.6,SL,1690041085
219,pizarro,4.9533,-77.366,28.61,79,98,1.56,CO,1690041085
220,ceerigaabo,10.6162,47.368,20.18,60,35,11.32,SO,1690041085
221,port alfred,-33.5906,26.891,16.77,77,100,0.45,ZA,1690041085
222,bargaal,11.2864,51.0773,33.11,44,97,12.07,SO,1690041086
223,nouadhibou,20.931,-17.0347,25.99,61,1,11.32,MR,1690041086
224,amungan,15.3652,119.9582,26.42,87,100,1.11,PH,1690041086
225,gadzhiyevo,69.2551,33.3362,9.73,82,97,7.65,RU,1690041086
226,klyuchi,52.2667,79.1667,19.04,63,52,1.62,RU,1690041086
227,castillos,-34.1667,-53.8333,24.69,60,100,7.05,UY,1690041086
228,hutchinson island south,27.2995,-80.2205,34.45,63,75,6.17,US,1690041087
229,kodiak,57.79,-152.4072,7.73,100,100,0.0,US,1690041087
230,papao,-17.75,-149.55,22.59,70,65,5.15,PF,1690041087
231,queenstown,-31.8976,26.8753,14.75,49,98,7.13,ZA,1690041087
232,chibougamau,49.9168,-74.3659,16.79,88,100,3.41,CA,1690041087
233,crane,31.3974,-102.3501,29.63,43,100,4.28,US,1690041087
234,bloomington,44.8408,-93.2983,27.04,64,20,3.09,US,1690040908
235,kadugli,11.0167,29.7167,27.42,62,99,4.05,SD,1690040886
236,chipinge,-20.1883,32.6236,14.54,77,42,2.37,ZW,1690041088
237,kankakee,41.15,-87.8667,26.59,64,0,0.0,US,1690041088
238,klaksvik,62.2266,-6.589,13.51,82,17,4.75,FO,1690041088
239,mejit,10.2753,170.8646,27.99,77,94,7.49,MH,1690041088
240,isangel,-19.55,169.2667,19.06,88,75,1.03,VU,1690041088
241,port elizabeth,-33.918,25.5701,15.16,88,0,5.14,ZA,1690041089
242,boguchany,58.3814,97.4531,19.75,54,82,1.48,RU,1690041089
243,touros,-5.1989,-35.4608,28.87,61,16,8.99,BR,1690041089
244,vodice,43.7608,15.7828,33.98,56,0,1.25,HR,1690041089
245,sisimiut,66.9395,-53.6735,6.51,97,100,6.93,GL,1690041089
246,kargopol',61.5071,38.9456,12.41,98,100,4.36,RU,1690041089
247,leninskoye,41.7589,69.3864,30.47,18,0,2.48,KZ,1690041090
248,inhambane,-23.865,35.3833,21.99,68,20,3.13,MZ,1690040999
249,eastbourne,50.7687,0.2845,16.77,85,100,3.13,GB,1690041090
250,tiruchchendur,8.4833,78.1167,28.76,64,94,5.33,IN,1690041090
251,portland,45.5234,-122.6762,22.23,68,20,2.06,US,1690040450
252,carnarvon,-24.8667,113.6333,16.81,34,0,6.54,AU,1690041090
253,butte,39.6499,-121.5677,32.77,46,0,0.0,US,1690041090
254,cartagena,10.3997,-75.5144,31.79,58,20,3.09,CO,1690040921
255,arraial do cabo,-22.9661,-42.0278,22.98,88,75,6.17,BR,1690041091
256,kapuskasing,49.4169,-82.4331,20.05,45,20,1.54,CA,1690041091
257,oamaru,-45.0784,170.9801,9.65,95,100,7.03,NZ,1690041091
258,pandan,14.0453,124.1694,26.75,87,100,3.05,PH,1690041091
259,hermansverk,61.1846,6.8502,19.25,59,75,4.63,NO,1690041091
260,bridgewater,44.3835,-64.5155,21.79,88,100,5.14,CA,1690041092
261,brunsbuttel,53.9,9.15,16.67,85,100,1.34,DE,1690041092
262,mutuali,-14.8706,37.0044,23.2,48,61,3.27,MZ,1690041092
263,hiratacho,35.4333,132.8167,26.01,87,18,1.69,JP,1690041092
264,nuku'alofa,-21.1333,-175.2,21.19,94,75,2.06,TO,1690041092
265,kayangel,8.0823,134.7173,27.93,78,100,4.39,PW,1690041093
266,ribeira brava,32.65,-17.0667,26.51,67,1,1.65,PT,1690041093
267,qui nhon,13.7667,109.2333,27.39,78,100,1.41,VN,1690041093
268,el bordo,2.117,-76.9821,28.66,44,23,1.72,CO,1690041093
269,newman,37.3138,-121.0208,28.46,12,37,2.18,US,1690041093
270,khovd,48.0056,91.6419,19.09,52,43,2.63,MN,1690041093
271,porto novo,6.4965,2.6036,27.16,73,74,5.59,BJ,1690041051
272,nemuro,43.3236,145.575,14.78,96,99,4.75,JP,1690041094
273,east london,-33.0153,27.9116,20.52,52,0,2.06,ZA,1690041094
274,nuriootpa,-34.4833,139.0,7.67,87,100,4.26,AU,1690041094
275,nadi,-17.8,177.4167,19.0,88,20,2.57,FJ,1690041094
276,gaspe,48.8334,-64.4819,23.12,73,100,4.12,CA,1690041094
277,lompoc,34.6391,-120.4579,13.23,100,40,0.0,US,1690041094
278,quang ngai,15.1167,108.8,25.77,87,85,1.62,VN,1690041095
279,westport,41.1415,-73.3579,27.87,57,0,6.69,US,1690041095
280,bukama,-9.2,25.85,30.86,18,84,2.79,CD,1690041095
281,la passe,45.5549,-0.8967,26.13,60,10,5.18,FR,1690041095
282,san patricio,28.017,-97.5169,33.42,45,2,1.62,US,1690041095
283,fisterra,42.9049,-9.2629,24.86,71,91,9.02,ES,1690041095
284,mana,5.6592,-53.7767,28.93,72,47,3.87,GF,1690041096
285,port macquarie,-31.4333,152.9167,7.72,71,96,4.26,AU,1690041096
286,upington,-28.4478,21.2561,27.21,21,0,5.66,ZA,1690041096
287,marion,39.7684,-86.1555,27.01,59,40,2.06,US,1690041096
288,novodvinsk,64.4165,40.8122,17.92,75,100,0.86,RU,1690041096
289,antsiranana,-12.2787,49.2917,26.42,53,20,5.14,MG,1690041096
290,imbituba,-28.24,-48.6703,22.14,64,87,7.11,BR,1690041097
291,ambodifotatra,-16.9833,49.85,23.37,78,55,8.66,MG,1690041097
292,les cayes,18.2,-73.75,29.53,70,97,5.11,HT,1690041010
293,palikir - national government center,6.9248,158.1611,24.41,88,100,0.0,FM,1690041097
294,qaqortoq,60.7167,-46.0333,10.42,80,92,1.88,GL,1690041097
295,yuzhno-kurilsk,44.0306,145.8556,14.49,97,89,4.44,RU,1690041097
296,turkmenbasy,40.0222,52.9552,35.43,18,0,7.2,TM,1690041097
297,merizo village,13.2658,144.6691,28.31,94,57,4.68,GU,1690041098
298,tenenkou,14.4572,-4.9169,35.42,37,62,1.79,ML,1690041098
299,yelovo,57.0538,54.9207,16.18,85,56,3.01,RU,1690041098
300,ostersund,63.1792,14.6357,15.34,33,20,3.09,SE,1690041098
301,glace bay,46.1969,-59.957,24.32,97,100,7.72,CA,1690041098
302,sao fidelis,-21.6461,-41.7469,21.97,50,1,2.6,BR,1690041098
303,puerto aysen,-45.4,-72.7,4.24,84,82,1.79,CL,1690040900
304,rikaze,29.25,88.8833,18.58,39,100,4.68,CN,1690041099
305,seryshevo,51.0933,128.3786,19.28,57,97,1.84,RU,1690041099
306,quatre cocos,-20.2078,57.7625,23.38,72,49,7.64,MU,1690041099
307,likiep,9.8251,169.3107,27.85,79,71,7.65,MH,1690041099
308,pudasjarvi,65.3833,26.9167,13.32,90,100,2.3,FI,1690041099
309,dundaga,57.5167,22.35,14.62,88,100,2.66,LV,1690041099
310,nuuk,64.1835,-51.7216,10.34,87,100,12.86,GL,1690041099
311,hadibu,12.65,54.0333,25.99,76,70,10.79,YE,1690041100
312,coruripe,-10.1256,-36.1756,25.13,76,24,7.07,BR,1690041100
313,labrador city,52.9463,-66.9114,18.95,77,100,2.06,CA,1690041100
314,minas de marcona,-15.2119,-75.1103,16.65,65,40,5.43,PE,1690041100
315,argo,37.6333,22.7333,33.77,32,1,0.91,GR,1690041100
316,okola,4.0167,11.3833,24.33,83,98,2.31,CM,1690041100
317,duluth,46.7833,-92.1066,24.62,68,20,4.12,US,1690040819
318,pisco,-13.7,-76.2167,20.03,68,75,4.12,PE,1690041100
319,krasnyy chikoy,50.3643,108.7512,14.47,95,100,0.87,RU,1690041101
320,sao vicente,-23.9631,-46.3919,23.98,64,20,1.54,BR,1690041101
321,kamina,-8.7386,24.9906,26.87,19,42,2.22,CD,1690041101
322,pawai,24.2667,80.1667,28.94,74,88,5.0,IN,1690041101
323,maragogi,-9.0122,-35.2225,25.17,80,47,6.07,BR,1690041101
324,uige,-7.6087,15.0613,25.01,65,20,3.09,AO,1690041102
325,andergrove,-21.0833,149.1833,15.36,70,29,2.53,AU,1690041102
326,paracuru,-3.41,-39.0306,27.28,48,0,7.32,BR,1690041102
327,choma,-16.8065,26.9531,19.17,38,2,4.02,ZM,1690041102
328,cotonou,6.3654,2.4183,26.33,80,71,6.75,BJ,1690040809
329,nevada,39.2502,-116.7512,26.95,15,44,0.75,US,1690040842
330,saint-francois,46.4154,3.9054,27.04,34,0,4.12,FR,1690041102
331,abepura,-2.6333,140.5833,25.45,83,20,1.54,ID,1690041102
332,flin flon,54.7682,-101.865,18.91,63,20,3.6,CA,1690041103
333,akyazi,40.685,30.6222,33.1,58,0,1.43,TR,1690041103
334,kalamnuri,19.6667,77.3333,23.19,93,100,7.03,IN,1690040950
335,port mathurin,-19.6833,63.4167,23.41,70,0,10.11,MU,1690041103
336,masuguru,-11.3667,38.4167,28.93,35,85,2.39,TZ,1690041103
337,aykhal,66.0,111.5,19.06,54,79,4.41,RU,1690040948
338,constitucion,-35.3333,-72.4167,12.52,79,30,2.84,CL,1690041104
339,oak hill,37.9723,-81.1487,25.0,66,69,1.7,US,1690040824
340,manicore,-5.8092,-61.3003,30.97,51,0,3.6,BR,1690041105
341,korla,41.7597,86.1469,31.2,23,28,3.61,CN,1690041062
342,revda,56.801,59.9303,15.34,96,38,3.09,RU,1690041105
343,mujiayingzi,42.1167,118.7833,17.91,95,100,3.73,CN,1690041105
344,nagqu,31.5,92.0,7.28,90,100,1.56,CN,1690041106
345,nieuw amsterdam,5.8833,-55.0833,32.79,62,75,3.6,SR,1690041106
346,shujaabad,29.8797,71.2931,34.03,58,100,5.95,PK,1690041106
347,balqash,46.8481,74.995,27.26,24,24,3.88,KZ,1690041106
348,thabazimbi,-24.5917,27.4116,16.84,45,2,2.19,ZA,1690041106
349,rawson,-43.3002,-65.1023,11.37,50,5,6.13,AR,1690041106
350,wabag,-5.4781,143.7021,13.48,98,90,0.92,PG,1690041107
351,albu kamal,34.45,40.9186,39.98,9,0,4.94,SY,1690041107
352,porto murtinho,-21.6989,-57.8825,34.28,21,0,8.02,BR,1690041107
353,livingston,55.9029,-3.5226,16.0,93,100,6.69,GB,1690041107
354,petropavlovsk-kamchatsky,53.0452,158.6483,13.33,100,0,3.0,RU,1690041107
355,vorkuta,67.5,64.0,20.09,80,100,1.51,RU,1690041108
356,bahir dar,11.5936,37.3908,17.67,91,94,2.09,ET,1690041108
357,mabaruma,8.2,-59.7833,30.0,79,75,5.14,GY,1690041108
358,saint-joseph,-21.3667,55.6167,21.21,80,45,6.88,RE,1690041108
359,acarau,-2.8856,-40.12,31.06,45,0,7.54,BR,1690041108
360,sosnogorsk,63.6023,53.8817,17.17,81,69,2.43,RU,1690041108
361,dazuocun,24.8862,118.9643,27.21,91,100,5.34,CN,1690041108
362,gamboula,4.1178,15.1393,25.33,87,86,1.77,CF,1690041109
363,motygino,58.1831,94.7592,22.23,63,58,1.34,RU,1690041109
364,kilindoni,-7.9139,39.6668,25.28,80,21,6.13,TZ,1690041109
365,abu zabad,12.35,29.25,31.4,47,98,3.91,SD,1690041109
366,vorgashor,67.5833,63.95,19.26,83,100,2.81,RU,1690041110
367,braganca,-1.0536,-46.7656,31.92,46,36,2.36,BR,1690041110
368,inirida,3.8653,-67.9239,23.55,97,99,1.26,CO,1690041110
369,xilin hot,43.9667,116.0333,17.11,89,100,1.9,CN,1690041110
370,new norfolk,-42.7826,147.0587,8.73,94,92,1.25,AU,1690041110
371,banjar,-8.19,114.9675,22.27,83,78,3.05,ID,1690041110
372,linganore,39.4404,-77.208,27.19,54,0,2.57,US,1690041111
373,quellon,-43.1167,-73.6167,6.14,81,20,4.12,CL,1690041111
374,churachandpur,24.3333,93.6667,21.32,97,98,0.75,IN,1690041111
375,axim,4.8699,-2.2405,25.92,76,98,5.13,GH,1690041111
376,bodden town,19.2833,-81.25,33.0,66,40,5.14,KY,1690041111
377,mao,39.8885,4.2658,27.31,65,20,6.17,ES,1690041111
378,teluk nibung,3.001,99.8164,26.29,86,91,1.55,ID,1690041111
379,sukhobezvodnoye,57.0491,44.8891,17.83,66,80,2.84,RU,1690041112
380,elorrio,43.1283,-2.5368,30.46,69,9,3.49,ES,1690041112
381,west bay,19.3667,-81.4167,33.04,77,40,5.14,KY,1690041112
382,gasa,31.5,34.4667,32.71,65,0,4.19,PS,1690041112
383,urangan,-25.3,152.9,15.43,72,0,3.72,AU,1690041112
384,priozersk,61.0393,30.1291,19.49,45,100,3.28,RU,1690041112
385,vila franca do campo,37.7167,-25.4333,23.23,64,33,1.79,PT,1690041113
386,usinsk,65.9939,57.5281,16.61,94,100,2.31,RU,1690041113
387,langon,44.5,-0.3333,28.77,33,0,3.08,FR,1690041113
388,lander,42.833,-108.7307,25.09,46,0,2.06,US,1690040824
389,ponoka,52.6768,-113.5815,21.61,80,57,1.17,CA,1690040974
390,broken hill,-31.95,141.4333,9.68,63,96,4.17,AU,1690041113
391,karkira,36.9292,6.5856,32.56,57,73,3.1,DZ,1690041113
392,amqui,48.4638,-67.4313,21.18,90,99,2.46,CA,1690041113
393,al jawf,29.5,38.75,37.63,9,2,2.08,SA,1690041114
394,vilyuchinsk,52.9306,158.4028,14.15,87,65,3.65,RU,1690041114
395,rukungiri,-0.8411,29.9419,23.81,33,40,1.57,UG,1690041114
396,lagunas,-5.2269,-75.6753,33.75,40,17,0.34,PE,1690041114
397,pangody,65.85,74.4859,21.52,65,81,1.23,RU,1690041114
398,guarapari,-20.6667,-40.4975,22.16,68,13,2.77,BR,1690041114
399,north battleford,52.7834,-108.2847,21.89,77,0,1.03,CA,1690041115
400,umluj,25.0213,37.2685,32.15,58,82,2.92,SA,1690041115
401,zambezi,-13.5432,23.1047,28.04,21,12,3.04,ZM,1690041115
402,zubtsov,56.1753,34.5894,19.1,60,98,2.78,RU,1690041115
403,puerto cabezas,14.0351,-83.3888,29.98,84,40,5.14,NI,1690041115
404,luau,-10.7073,22.2247,29.13,19,19,2.15,AO,1690041115
405,saudarkrokur,65.7461,-19.6394,10.92,72,78,3.1,IS,1690041116
406,babolsar,36.7025,52.6576,29.18,72,24,4.03,IR,1690041116
407,callao,-12.0667,-77.15,23.73,68,100,3.09,PE,1690041116
408,zywiec,49.6853,19.1924,23.81,57,97,2.22,PL,1690041116
409,ushtobe,45.2514,77.9838,28.32,22,1,4.76,KZ,1690041116
410,smara,26.7384,-11.6719,33.59,29,0,10.46,EH,1690041116
411,parkano,62.0167,23.0167,19.07,51,100,3.99,FI,1690041116
412,la paz,-16.5,-68.15,16.43,17,0,2.06,BO,1690040986
413,staryye ozinki,51.1786,49.6769,21.86,55,98,4.01,RU,1690041117
414,guerrero negro,27.9769,-114.0611,21.98,68,9,5.06,MX,1690041004
415,bayganin,48.6947,55.8742,29.01,27,73,5.87,KZ,1690041117
416,tocopilla,-22.092,-70.1979,21.06,64,15,4.6,CL,1690041117
417,erdenet,49.0333,104.0833,11.17,93,45,1.22,MN,1690041117
418,carbonear,47.7332,-53.2148,27.91,87,71,5.08,CA,1690041117
419,nalut,30.3333,10.85,40.18,7,0,8.45,LY,1690041118
420,rio grande,-32.035,-52.0986,27.06,81,100,7.2,BR,1690041118
421,la gi,10.6667,107.7833,25.53,89,100,3.04,VN,1690041118
422,mpika,-11.8343,31.4529,16.47,57,3,1.51,ZM,1690041118
423,lebu,-37.6167,-73.65,11.54,81,35,3.59,CL,1690040917
424,juan griego,11.0817,-63.9655,30.15,66,100,6.57,VE,1690041118
425,kratie,12.4881,106.0188,24.54,94,100,2.5,KH,1690041118
426,owando,-0.4819,15.8999,34.38,33,78,1.33,CG,1690041119
427,impfondo,1.6381,18.0667,30.22,55,92,1.02,CG,1690040827
428,gao,16.6362,1.637,39.19,20,4,5.19,ML,1690041119
429,sitka,57.0531,-135.33,14.94,88,100,0.0,US,1690041119
430,taro,-8.3862,115.28,22.0,86,83,1.77,ID,1690041119
431,pesqueira,-8.3578,-36.6964,24.89,56,84,6.97,BR,1690041119
432,vila velha,-20.3297,-40.2925,22.19,81,75,6.17,BR,1690041120
433,orda,57.1951,56.9091,15.01,93,85,3.41,RU,1690041120
434,flying fish cove,-10.4217,105.6791,24.82,88,100,5.14,CX,1690041120
435,sidi ifni,29.3797,-10.173,29.86,73,8,4.88,MA,1690041120
436,patterson,37.4716,-121.1297,27.81,12,59,2.05,US,1690041120
437,plettenberg bay,-34.0527,23.3716,12.55,74,47,1.62,ZA,1690041120
438,harnosand,62.6323,17.9379,19.01,80,100,2.75,SE,1690041120
439,margate,51.3813,1.3862,16.06,90,100,4.47,GB,1690041121
440,timbuktu,16.7735,-3.0074,39.61,23,52,2.02,ML,1690041121
441,pedernales,18.0384,-71.744,31.42,58,6,2.09,DO,1690041121
442,mastic beach,40.7668,-72.8521,27.28,65,0,4.63,US,1690041121
443,uyuni,-20.4597,-66.825,11.43,17,0,3.31,BO,1690041122
444,cova figueira,14.8905,-24.2934,24.39,76,6,7.22,CV,1690041122
445,zyryanskoye,56.8306,86.6258,18.16,93,71,2.91,RU,1690041122
446,neryungri,56.6709,124.6491,12.77,86,7,0.88,RU,1690041122
447,kharp,66.8014,65.8081,19.41,82,100,3.1,RU,1690041122
448,san julian,21.0167,-102.1667,22.25,47,58,3.06,MX,1690041122
449,sukhodol,53.9006,51.2117,20.85,45,80,3.47,RU,1690041123
450,khenifra,32.9333,-5.6667,38.98,11,89,4.26,MA,1690041123
451,wewak,-3.5534,143.6268,26.19,85,75,1.17,PG,1690041123
452,kolonia town,6.964,158.206,25.0,88,100,0.0,FM,1690041123
453,guiuan,11.0333,125.7247,27.56,81,100,9.9,PH,1690041123
454,ndele,8.4109,20.6473,25.13,77,98,1.43,CF,1690041123
455,kolwezi,-10.7148,25.4667,23.75,28,49,2.98,CD,1690041124
456,morelos,18.75,-99.0,23.47,71,92,0.96,MX,1690041124
457,vasco da gama,15.3959,73.8157,26.24,89,100,8.97,IN,1690041124
458,bartlesville,36.7473,-95.9808,27.19,66,0,0.89,US,1690041028
459,mufulira,-12.5498,28.2407,21.69,35,11,2.06,ZM,1690041124
460,ixtapa,20.7,-105.2,32.35,70,100,4.63,MX,1690041124
461,lazaro cardenas,17.9583,-102.2,27.03,76,100,2.32,MX,1690041124
462,surovikino,48.6078,42.8486,25.8,39,98,3.32,RU,1690041125
463,kiunga,-6.1219,141.2906,22.6,97,100,0.87,PG,1690041125
464,aoulef,26.9667,1.0833,45.56,5,0,3.25,DZ,1690041125
465,fairbanks,64.8378,-147.7164,21.07,69,0,1.54,US,1690040534
466,bathsheba,13.2167,-59.5167,30.34,74,20,5.66,BB,1690041125
467,vanimo,-2.6741,141.3028,25.61,87,75,0.57,PG,1690041125
468,lluta,-16.0147,-72.0142,18.93,12,0,3.51,PE,1690041126
469,wad rawah,15.1603,33.1397,38.43,26,95,5.18,SD,1690041126
470,port saint john's,-31.6229,29.5448,19.47,72,72,3.27,ZA,1690041126
471,ust-nera,64.5667,143.2,10.96,93,100,2.11,RU,1690041126
472,chernyshevskiy,63.0128,112.4714,18.34,63,19,1.22,RU,1690041127
473,la foa,-21.7108,165.8276,18.51,71,66,4.07,NC,1690041128
474,celestun,20.8667,-90.4,30.78,64,63,1.84,MX,1690041128
475,fada,9.5667,8.3,24.75,85,83,2.38,NG,1690041128
476,ra-ngae,6.2968,101.7284,24.24,94,96,1.53,TH,1690041128
477,newton,42.337,-71.2092,27.22,74,75,2.06,US,1690041128
478,east ballina,-28.8667,153.5833,8.22,85,75,4.76,AU,1690041129
479,toliara,-23.35,43.6667,20.63,80,0,4.19,MG,1690041129
480,carauari,-4.8828,-66.8958,34.08,33,2,1.77,BR,1690041129
481,bereket,39.2446,55.5154,37.66,12,0,4.82,TM,1690041129
482,kingston,17.997,-76.7936,33.47,71,75,5.14,JM,1690041053
483,corner brook,48.9667,-57.9484,26.09,84,96,4.77,CA,1690041130
484,qarqaraly,49.4058,75.4742,17.59,37,0,2.33,KZ,1690041130
485,nizhneudinsk,54.9076,99.0276,15.76,73,39,1.62,RU,1690041130
486,ayr,55.4627,-4.6339,16.99,88,75,4.63,GB,1690041131
487,fort wellington,6.4,-57.6,29.94,63,6,4.2,GY,1690041131
488,bubaque,11.2833,-15.8333,27.53,77,26,5.85,GW,1690041131
489,northam,51.0333,-4.2167,17.99,97,100,9.44,GB,1690041131
490,riosucio,5.4216,-75.7032,21.71,49,67,0.29,CO,1690041131
491,saint-pierre,-21.3393,55.4781,21.82,73,100,3.6,RE,1690041132
492,kabwe,-14.4469,28.4464,20.79,42,0,3.37,ZM,1690041132
493,nagykanizsa,46.4535,16.991,24.77,75,72,2.05,HU,1690041132
494,venado tuerto,-33.7456,-61.9688,20.98,63,100,6.81,AR,1690041132
495,magadan,59.5667,150.8,13.63,97,100,1.21,RU,1690040965
496,kasane,-17.8167,25.15,27.05,21,0,4.12,BW,1690041133
497,santa cruz,-17.8,-63.1667,29.03,54,20,12.35,BO,1690041133
498,cockburn town,21.4612,-71.1419,28.51,72,81,5.24,TC,1690041133
499,orosei,40.3798,9.6929,30.88,61,67,3.02,IT,1690041133
500,villa de reyes,21.8,-100.9333,20.12,64,86,2.21,MX,1690041133
501,barcelos,41.5388,-8.6151,31.06,51,45,6.0,PT,1690041134
502,kholmsk,47.0511,142.0569,17.04,96,100,3.89,RU,1690041134
503,port shepstone,-30.7414,30.455,19.22,72,12,5.6,ZA,1690041134
504,cambria,35.5641,-121.0808,20.41,54,6,1.72,US,1690041134
505,angaur state,6.906,134.13,27.66,80,79,4.66,PW,1690041134
506,pamekasan,-7.1568,113.4746,25.53,79,76,3.07,ID,1690041135
507,bonthe,7.5264,-12.505,26.61,81,80,5.56,SL,1690041135
508,manaure,11.7751,-72.4445,32.12,56,23,10.0,CO,1690041135
509,mount isa,-20.7333,139.5,10.87,54,0,3.6,AU,1690041135
510,pyhajarvi,67.0701,27.2176,17.26,68,95,2.15,FI,1690041135
511,strathalbyn,-35.2667,138.9,9.94,98,83,3.69,AU,1690041135
512,mount pearl,47.5166,-52.7813,27.19,69,20,6.17,CA,1690041136
513,afua,-0.1567,-50.3867,31.99,47,35,3.0,BR,1690041136
514,augusta,48.3667,10.8833,25.18,41,0,5.14,DE,1690040991
515,gracemere,-23.4333,150.45,9.95,81,0,1.54,AU,1690041136
516,itapeva,-23.9822,-48.8756,23.41,48,0,2.55,BR,1690041136
517,polyarnyy,69.1989,33.4478,10.06,82,87,7.52,RU,1690041137
518,barah,13.7,30.3667,34.19,37,100,5.08,SD,1690041137
519,port sudan,19.6175,37.2164,34.22,45,4,4.99,SD,1690041137
520,igarka,67.4667,86.5833,17.99,90,60,3.7,RU,1690041137
521,aswan,24.0934,32.907,41.61,8,0,5.14,EG,1690041137
522,itamaraju,-17.0392,-39.5311,23.82,73,89,3.56,BR,1690041137
523,sirte,31.2089,16.5887,31.21,52,0,5.93,LY,1690041137
524,dame-marie,18.5667,-74.4167,30.12,67,25,2.22,HT,1690041138
525,camana,-16.6228,-72.7111,19.26,75,1,4.79,PE,1690041138
526,beau vallon,-20.4189,57.6953,23.45,78,40,6.69,MU,1690041138
527,madera,37.1666,-119.8343,35.25,34,81,1.5,US,1690041138
528,ciudad bolivar,8.1222,-63.5497,33.25,48,39,3.28,VE,1690040579
529,sabang,5.8933,95.3214,28.74,75,100,9.61,ID,1690041139
530,villa gesell,-37.2639,-56.973,14.47,95,100,7.18,AR,1690041139
531,baliton,5.7436,125.2364,26.33,84,100,3.2,PH,1690041139
532,nanyang,32.9947,112.5328,26.89,86,0,1.96,CN,1690041123
533,posto fiscal rolim de moura,-13.0833,-62.2667,33.95,19,0,2.2,BR,1690041139
534,ilomantsi,62.6716,30.9328,14.27,98,100,2.99,FI,1690041140
535,palkonda,18.6,83.75,27.63,87,100,0.13,IN,1690041140
536,porto real,-22.4197,-44.2903,25.3,41,0,1.59,BR,1690041140
537,mahibadhoo,3.7833,72.9667,28.7,74,40,3.55,MV,1690041140
538,ketchikan,55.3422,-131.6461,16.26,94,100,0.0,US,1690041140
539,el granada,37.5027,-122.4694,23.34,81,100,3.09,US,1690041140
540,pacific grove,36.6177,-121.9166,13.06,91,40,3.13,US,1690041140
541,okha,53.5739,142.9478,14.04,88,11,4.25,RU,1690041141
542,matoury,4.8483,-52.3317,30.98,62,40,3.09,GF,1690041141
543,pangai,-19.8,-174.35,23.07,81,8,2.75,TO,1690041141
544,mogadishu,2.0371,45.3438,25.93,83,75,4.12,SO,1690040952
545,lagodekhi,41.8268,46.2767,32.5,57,0,1.64,GE,1690041141
546,bantay,17.5847,120.3892,28.87,76,18,0.71,PH,1690041141
547,ebon,4.582,168.6964,27.48,78,100,4.35,MH,1690041141
